genus	id
Abiotrophia	UP000019050_592010.fasta
Acaryochloris	UP000000268_329726.fasta
Accumulibacter	UP000001619_522306.fasta
Acetivibrio	UP000054874_290052.fasta
Acetoanaerobium	UP000007041_499177.fasta
Acetobacterium	UP000007177_931626.fasta
Acetobacter	UP000000948_634452.fasta
Acetohalobium	UP000001661_574087.fasta
Acetomicrobium	UP000006061_891968.fasta
Acetonema	UP000003240_1009370.fasta
Acholeplasma	UP000008558_441768.fasta
Achromatium	UP000036736_1604834.fasta
Achromobacter	UP000004510_742159.fasta
Acidaminococcus	UP000001902_591001.fasta
Acidibacillus	UP000053557_1765683.fasta
Acidiferrobacter	UP000094370_163359.fasta
Acidihalobacter	UP000029273_160660.fasta
Acidimicrobium	UP000000771_525909.fasta
Acidiphilium	UP000000245_349163.fasta
Acidipropionibacterium	UP000000214_1171373.fasta
Acidisphaera	UP000032680_1231350.fasta
Acidithiobacillus	UP000001362_243159.fasta
Acidithrix	UP000032360_1280514.fasta
Acidobacterium	UP000002207_240015.fasta
Acidocella	UP000006217_1214225.fasta
Acidomonas	UP000019760_1231351.fasta
Acidothermus	UP000008221_351607.fasta
Acidovorax	UP000000645_232721.fasta
Acinetobacter	UP000000430_62977.fasta
Actibacterium	UP000024836_1461693.fasta
Actinoalloteichus	UP000095210_340345.fasta
Actinobacillus	UP000001114_339671.fasta
Actinobaculum	UP000009888_883066.fasta
Actinokineospora	UP000019277_909613.fasta
Actinomyces	UP000002941_1125718.fasta
Actinoplanes	UP000005440_134676.fasta
Actinopolyspora	UP000029737_414996.fasta
Actinospica	UP000019485_479430.fasta
Actinosynnema	UP000002213_446462.fasta
Actinotalea	UP000019753_948458.fasta
Actinotignum	UP000035032_59505.fasta
Adlercreutzia	UP000015924_1384484.fasta
Advenella	UP000005267_1036672.fasta
Aequorivita	UP000006049_746697.fasta
Aeribacillus	UP000076476_33936.fasta
Aerococcus	UP000003764_655812.fasta
Aeromicrobium	UP000003111_585531.fasta
Aeromonas	UP000000756_380703.fasta
Aestuariibacter	UP000184520_634436.fasta
Afipia	UP000018975_1429916.fasta
Agarivorans	UP000014461_1331007.fasta
Agathobacter	UP000001477_515619.fasta
Aggregatibacter	UP000002569_668336.fasta
Agreia	UP000032503_110935.fasta
Agrobacterium	UP000000813_176299.fasta
Agrococcus	UP000016462_1330458.fasta
Agromyces	UP000050813_1735688.fasta
Ahrensia	UP000003904_744979.fasta
Akkermansia	UP000001031_349741.fasta
Alcaligenes	UP000016497_1386079.fasta
Alcanivorax	UP000006286_930169.fasta
Algibacter	UP000029644_221126.fasta
Algoriphagus	UP000003919_388413.fasta
Alicycliphilus	UP000007938_596154.fasta
Alicyclobacillus	UP000001917_521098.fasta
Aliifodinibius	UP000184041_1194090.fasta
Aliiglaciecola	UP000006334_1127673.fasta
Aliiroseovarius	UP000050471_154981.fasta
Alishewanella	UP000035062_1195246.fasta
Alistipes	UP000006008_742725.fasta
Aliterella	UP000032452_1618023.fasta
Alkalibacterium	UP000020164_1229520.fasta
Alkalibacter	UP000184251_1120975.fasta
Alkalilimnicola	UP000001962_187272.fasta
Alkaliphilus	UP000000269_350688.fasta
Alloactinosynnema	UP000076116_1653480.fasta
Allochromatium	UP000001441_572477.fasta
Alloiococcus	UP000009875_883081.fasta
Allokutzneria	UP000183376_211114.fasta
Alloprevotella	UP000003460_626522.fasta
Alloscardovia	UP000016519_1321816.fasta
Altererythrobacter	UP000034392_1267766.fasta
Alteromonas	UP000000683_715451.fasta
Amantichitinum	UP000037939_857265.fasta
Aminobacterium	UP000002366_572547.fasta
Aminobacter	UP000051834_1736420.fasta
Aminomonas	UP000005096_584708.fasta
Ammonifex	UP000002620_429009.fasta
Amoebophilus	UP000001227_452471.fasta
Amphibacillus	UP000006294_698758.fasta
Amycolatopsis	UP000006138_713604.fasta
Anabaena	UP000010101_46234.fasta
Anaerobacillus	UP000035996_157733.fasta
Anaerococcus	UP000003821_655811.fasta
Anaerocolumna	UP000184386_1121322.fasta
Anaerofustis	UP000005178_445971.fasta
Anaeroglobus	UP000005481_861450.fasta
Anaerolinea	UP000008922_926569.fasta
Anaeromyxobacter	UP000001935_290397.fasta
Anaerosphaera	UP000184032_1120995.fasta
Anaerosporobacter	UP000184038_1120996.fasta
Anaerosporomusa	UP000076268_1794912.fasta
Anaerostipes	UP000008960_649756.fasta
Anaerotruncus	UP000003803_445972.fasta
Anaerovibrio	UP000030993_82374.fasta
Anaplasma	UP000001943_212042.fasta
Anditalea	UP000027821_1048983.fasta
Aneurinibacillus	UP000037269_47500.fasta
Angustibacter	UP000051170_1736539.fasta
Anoxybacillus	UP000000742_491915.fasta
Anthococcus	UP000178622_1859473.fasta
Aphanizomenon	UP000092382_1710894.fasta
Apibacter	UP000182761_1586267.fasta
Aquabacterium	UP000029993_1538295.fasta
Aquamicrobium	UP000019849_69279.fasta
Aquifex	UP000000798_224324.fasta
Aquimarina	UP000023541_1317122.fasta
Aquitalea	UP000033764_332411.fasta
Arachidicoccus	UP000078308_1850526.fasta
Arcanobacterium	UP000000376_644284.fasta
Archangium	UP000035579_48.fasta
Arcobacter	UP000000939_572480.fasta
Arcticibacter	UP000014174_1150600.fasta
Ardenticatena	UP000037784_872965.fasta
Arenibacter	UP000095208_1883406.fasta
Arenimonas	UP000029085_1121014.fasta
Arenitalea	UP000184396_1178825.fasta
Aromatoleum	UP000006552_76114.fasta
Arsenicicoccus	UP000065578_1658671.fasta
Arsenophonus	UP000069926_634113.fasta
Arsukibacterium	UP000034895_1632859.fasta
Arthrobacter	UP000000754_290399.fasta
Arthromitus	UP000001636_1029718.fasta
Arthrospira	UP000006803_696747.fasta
Asaia	UP000027583_1382230.fasta
Asticcacaulis	UP000001492_573065.fasta
Atelocyanobacterium	UP000001405_1453429.fasta
Atlantibacter	UP000010297_1115512.fasta
Atopobium	UP000000960_521095.fasta
Atopostipes	UP000184128_1121025.fasta
Aurantimonas	UP000000321_287752.fasta
Aureimonas	UP000030826_370622.fasta
Austwickia	UP000008495_1184607.fasta
Avibacterium	UP000015362_1351754.fasta
Azoarcus	UP000002588_62928.fasta
Azobacteroides	UP000000723_511995.fasta
Azorhizobium	UP000000270_438753.fasta
Azospirillum	UP000005667_862719.fasta
Azotobacter	UP000002424_322710.fasta
Bacillus	UP000000594_1392.fasta
Bacteriovorax	UP000015459_1201290.fasta
Bacteroides	UP000001414_226186.fasta
Bacteroidetes	UP000004685_575590.fasta
Balneola	UP000078514_1849360.fasta
Barnesiella	UP000018901_880074.fasta
Bartonella	UP000000643_360095.fasta
Basilea	UP000028945_1072685.fasta
Baumannia	UP000002427_374463.fasta
Bdellovibrio	UP000008080_264462.fasta
Beggiatoa	UP000003255_422289.fasta
Beijerinckia	UP000001695_395963.fasta
Belliella	UP000006050_866536.fasta
Bellilinea	UP000050514_360411.fasta
Bergeyella	UP000006085_883096.fasta
Bermanella	UP000004263_207949.fasta
Bernardetia	UP000006054_880071.fasta
Beutenbergia	UP000007962_471853.fasta
Bhargavaea	UP000011919_1235279.fasta
Bibersteinia	UP000011846_1171377.fasta
Bifidobacterium	UP000000439_206672.fasta
Bilophila	UP000006034_563192.fasta
Bizionia	UP000003730_1046627.fasta
Blastochloris	UP000065734_1079.fasta
Blastococcus	UP000007517_1146883.fasta
Blastomonas	UP000037930_1523416.fasta
Blastopirellula	UP000004358_314230.fasta
Blattabacterium	UP000007112_1075399.fasta
Blautia	UP000008955_657314.fasta
Blochmannia	UP000002192_203907.fasta
Bordetella	UP000001225_340100.fasta
Borrelia	UP000001205_314724.fasta
Bosea	UP000028622_1502851.fasta
Brachybacterium	UP000001919_446465.fasta
Brachyspira	UP000001803_565034.fasta
Bradyrhizobium	UP000001994_114615.fasta
Branchiibius	UP000075667_1807500.fasta
Brenneria	UP000002759_598467.fasta
Brevibacillus	UP000001877_358681.fasta
Brevibacterium	UP000005714_585530.fasta
Brevundimonas	UP000002696_633149.fasta
Brochothrix	UP000019242_1121126.fasta
Brucella	UP000002719_359391.fasta
Buchnera	UP000000601_224915.fasta
Bulleidia	UP000005017_679192.fasta
Burkholderia	UP000000605_272560.fasta
Buttiauxella	UP000028653_1006004.fasta
Butyricicoccus	UP000013981_1203606.fasta
Butyrivibrio	UP000001299_515622.fasta
Caballeronia	UP000027439_1071679.fasta
Caedibacter	UP000036771_1629334.fasta
Caenispirillum	UP000009881_1238182.fasta
Caldalkalibacillus	UP000010716_986075.fasta
Caldanaerobacter	UP000000555_273068.fasta
Caldanaerobius	UP000184088_1121256.fasta
Caldibacillus	UP000075683_301148.fasta
Caldicellulosiruptor	UP000000256_351627.fasta
Caldilinea	UP000007880_926550.fasta
Caldimicrobium	UP000068196_1653476.fasta
Caldisalinibacter	UP000013378_1304284.fasta
Caldisericum	UP000004793_511051.fasta
Calditerrivibrio	UP000007039_768670.fasta
Caldithrix	UP000004671_880073.fasta
Caloramator	UP000007652_857293.fasta
Caloranaerobacter	UP000029622_1156417.fasta
Calothrix	UP000010390_99598.fasta
Caminicella	UP000184082_1121266.fasta
Campylobacter	UP000000760_360106.fasta
Candidimonas	UP000184226_658167.fasta
Capnocytophaga	UP000003023_888059.fasta
Carboxydothermus	UP000002706_246194.fasta
Cardinium	UP000003996_1231626.fasta
Cardiobacterium	UP000004750_797473.fasta
Carnobacterium	UP000000212_1234679.fasta
Caryophanon	UP000093199_33978.fasta
Castellaniella	UP000019805_1437824.fasta
Catabacter	UP000034076_270498.fasta
Catellicoccus	UP000016057_1234409.fasta
Catenibacterium	UP000018308_1262767.fasta
Catenovulum	UP000019276_1328313.fasta
Catenulispora	UP000000851_479433.fasta
Catonella	UP000018227_592026.fasta
Caulobacter	UP000001316_366602.fasta
Cecembia	UP000004478_1225176.fasta
Cedecea	UP000029516_158822.fasta
Celeribacter	UP000006762_1208323.fasta
Cellulomonas	UP000000485_593907.fasta
Cellulophaga	UP000007487_867900.fasta
Cellulosilyticum	UP000008467_642492.fasta
Cellulosimicrobium	UP000028634_1523621.fasta
Cellvibrio	UP000001036_498211.fasta
Cephaloticoccus	UP000071392_1548208.fasta
Cesiribacter	UP000011910_1279009.fasta
Cetobacterium	UP000017081_1319815.fasta
Chamaesiphon	UP000010366_1173020.fasta
Chania	UP000019030_1441930.fasta
Chelativorans	UP000001820_266779.fasta
Chelatococcus	UP000065824_1702325.fasta
Chelonobacter	UP000030380_505317.fasta
Chishuiella	UP000184120_1434701.fasta
Chitinispirillum	UP000036214_1008392.fasta
Chitinivibrio	UP000017148_1313304.fasta
Chitinophaga	UP000002215_485918.fasta
Chlamydia	UP000000431_272561.fasta
Chloracidobacterium	UP000006791_981222.fasta
Chlorobium	UP000001007_194439.fasta
Chloroflexus	UP000002008_324602.fasta
Chloroherpeton	UP000001208_517418.fasta
Chondromyces	UP000019678_1192034.fasta
Christensenella	UP000070366_626937.fasta
Chromobacterium	UP000001424_243365.fasta
Chromohalobacter	UP000000239_290398.fasta
Chroococcidiopsis	UP000010384_251229.fasta
Chryseobacterium	UP000002969_525257.fasta
Chryseolinea	UP000184212_947013.fasta
Chrysosporum	UP000051809_75695.fasta
Chthoniobacter	UP000005824_497964.fasta
Chthonomonas	UP000014227_1303518.fasta
Citreicella	UP000003110_766499.fasta
Citrobacter	UP000001889_637910.fasta
Citromicrobium	UP000050479_1647104.fasta
Clavibacter	UP000001318_31964.fasta
Cloacibacillus	UP000023044_866499.fasta
Cloacibacterium	UP000095601_237258.fasta
Cloacimonas	UP000002019_459349.fasta
Clostridium	UP000000565_290402.fasta
Cnuella	UP000184368_1302690.fasta
Cobetia	UP000050261_1716176.fasta
Cohnella	UP000054526_1590652.fasta
Coleofasciculus	UP000003835_118168.fasta
Collimonas	UP000008392_1005048.fasta
Collinsella	UP000003295_521003.fasta
Colwellia	UP000000547_167879.fasta
Comamonas	UP000002360_688245.fasta
Commensalibacter	UP000005939_1088868.fasta
Conexibacter	UP000008229_469383.fasta
Congregibacter	UP000019205_314285.fasta
Coprobacillus	UP000003157_469596.fasta
Coprococcus	UP000008798_717962.fasta
Coprothermobacter	UP000001732_309798.fasta
Coraliomargarita	UP000000925_583355.fasta
Corallococcus	UP000007587_1144275.fasta
Coriobacterium	UP000006851_700015.fasta
Corynebacterium	UP000000276_681645.fasta
Coxiella	UP000002671_227377.fasta
Crenobacter	UP000076625_1452487.fasta
Criblamydia	UP000031552_1437425.fasta
Criibacterium	UP000093352_1871336.fasta
Crinalium	UP000010472_1173022.fasta
Croceibacter	UP000002297_216432.fasta
Croceicoccus	UP000035287_1348774.fasta
Croceitalea	UP000050280_1300341.fasta
Cronobacter	UP000000260_290339.fasta
Cruoricaptor	UP000184335_1118202.fasta
Cryobacterium	UP000029864_1001240.fasta
Cryptobacterium	UP000000954_469378.fasta
Cryptosporangium	UP000021053_927661.fasta
Cupriavidus	UP000002429_266264.fasta
Curtobacterium	UP000050821_1736311.fasta
Curvibacter	UP000051912_1714344.fasta
Cutibacterium	UP000016307_1160719.fasta
Cyanobacterium	UP000010480_755178.fasta
Cyanobium	UP000003950_180281.fasta
Cyanothece	UP000001203_43989.fasta
Cyclobacterium	UP000001635_880070.fasta
Cycloclasticus	UP000006282_385025.fasta
Cylindrospermum	UP000010475_56107.fasta
Cystobacter	UP000011682_1242864.fasta
Cytophaga	UP000001822_269798.fasta
Dechloromonas	UP000000550_159087.fasta
Dechlorosoma	UP000005633_640081.fasta
Deferribacter	UP000001520_639282.fasta
Defluviimonas	UP000026305_1417296.fasta
Defluviitoga	UP000032809_1006576.fasta
Dehalobacter	UP000000482_1131462.fasta
Dehalococcoides	UP000008289_243164.fasta
Dehalogenimonas	UP000002349_552811.fasta
Deinococcus	UP000002208_546414.fasta
Delftia	UP000000784_398578.fasta
Denitrobacterium	UP000077372_79604.fasta
Denitrovibrio	UP000002012_522772.fasta
Dermabacter	UP000014577_1203568.fasta
Dermacoccus	UP000027986_1274.fasta
Desertifilum	UP000095472_1781255.fasta
Desmospora	UP000004046_997346.fasta
Desulfacinum	UP000184076_1121391.fasta
Desulfarculus	UP000009047_644282.fasta
Desulfatibacillum	UP000000739_439235.fasta
Desulfatitalea	UP000033431_1629708.fasta
Desulfitibacter	UP000053015_1734395.fasta
Desulfitobacterium	UP000001946_138119.fasta
Desulfobacca	UP000000483_880072.fasta
Desulfobacterium	UP000000442_177437.fasta
Desulfobacter	UP000005778_879212.fasta
Desulfobacula	UP000007347_651182.fasta
Desulfobulbus	UP000006365_577650.fasta
Desulfocapsa	UP000011721_1167006.fasta
Desulfococcus	UP000008561_96561.fasta
Desulfofustis	UP000184139_1121409.fasta
Desulfohalobium	UP000001052_485915.fasta
Desulfomicrobium	UP000002216_525897.fasta
Desulfomonile	UP000006055_706587.fasta
Desulfonatronospira	UP000005496_555779.fasta
Desulfonauticus	UP000053839_1635258.fasta
Desulfopila	UP000184603_1121416.fasta
Desulfoplanes	UP000095200_1592317.fasta
Desulforudis	UP000008544_477974.fasta
Desulfosporosinus	UP000002892_646529.fasta
Desulfotalea	UP000000602_177439.fasta
Desulfotignum	UP000014216_1286635.fasta
Desulfotomaculum	UP000001556_349161.fasta
Desulfovibrio	UP000001361_883.fasta
Desulfurella	UP000019023_694431.fasta
Desulfuribacillus	UP000094296_766136.fasta
Desulfurispirillum	UP000002572_653733.fasta
Desulfurivibrio	UP000001508_589865.fasta
Desulfurobacterium	UP000007102_868864.fasta
Desulfuromonas	UP000005695_281689.fasta
Dethiobacter	UP000006443_555088.fasta
Dethiosulfatarculus	UP000032233_1429043.fasta
Dethiosulfatibacter	UP000184052_1121476.fasta
Dethiosulfovibrio	UP000006427_469381.fasta
Devosia	UP000028638_1502724.fasta
Dialister	UP000003277_742743.fasta
Dichelobacter	UP000000248_246195.fasta
Dickeya	UP000006859_198628.fasta
Dictyoglomus	UP000007719_515635.fasta
Dietzia	UP000004165_910954.fasta
Dinoroseobacter	UP000006833_398580.fasta
Dissulfuribacter	UP000093080_1156395.fasta
Dokdonella	UP000076830_1300342.fasta
Dokdonia	UP000008290_983548.fasta
Dolosigranulum	UP000003599_883103.fasta
Domibacillus	UP000095658_1714016.fasta
Donghicola	UP000092343_1836468.fasta
Dorea	UP000014211_1235798.fasta
Draconibacterium	UP000023772_1168034.fasta
Duganella	UP000051032_1736266.fasta
Dyadobacter	UP000002011_471854.fasta
Dyella	UP000024387_1379159.fasta
Dysgonomonas	UP000004913_742766.fasta
Echinacea	UP000050566_1123738.fasta
Echinicola	UP000010796_926556.fasta
Ectothiorhodospira	UP000005314_519989.fasta
Edwardsiella	UP000001485_634503.fasta
Eggerthella	UP000001377_479437.fasta
Eggerthia	UP000011758_999415.fasta
Ehrlichia	UP000000533_302409.fasta
Eikenella	UP000005837_546274.fasta
Elizabethkingia	UP000028933_1338011.fasta
Elstera	UP000033774_552518.fasta
Elusimicrobium	UP000001029_445932.fasta
Emticicia	UP000002875_929562.fasta
Endomicrobium	UP000035337_1408281.fasta
Endozoicomonas	UP000027997_305900.fasta
Enhydrobacter	UP000010294_553217.fasta
Enhygromyxa	UP000031599_215803.fasta
Ensifer	UP000051719_1736509.fasta
Enteractinococcus	UP000078292_1837282.fasta
Enterobacter	UP000000230_399742.fasta
Enterococcus	UP000001415_226185.fasta
Enterovibrio	UP000070529_294935.fasta
Eremococcus	UP000005990_908337.fasta
Erwinia	UP000001726_465817.fasta
Erysipelothrix	UP000007944_650150.fasta
Erythrobacter	UP000002995_237727.fasta
Escherichia	UP000000625_83333.fasta
Ethanoligenens	UP000001551_663278.fasta
Eubacterium	UP000001476_515620.fasta
Exiguobacterium	UP000000716_360911.fasta
Fabibacter	UP000095691_1889784.fasta
Facklamia	UP000004465_883111.fasta
Faecalibacterium	UP000004619_411483.fasta
Faecalibaculum	UP000069771_1702221.fasta
Faecalitalea	UP000008801_717960.fasta
Fermentimonas	UP000032417_1562970.fasta
Ferrimicrobium	UP000032336_1121877.fasta
Ferrimonas	UP000006683_550540.fasta
Ferriphaselus	UP000033070_1188319.fasta
Ferrithrix	UP000184295_1121881.fasta
Ferrovum	UP000050960_1356299.fasta
Fervidicella	UP000019681_1403537.fasta
Fervidicola	UP000070427_520764.fasta
Fervidobacterium	UP000002415_381764.fasta
Fibrella	UP000011058_1166018.fasta
Fibrisoma	UP000009309_1185876.fasta
Fibrobacter	UP000000517_59374.fasta
Fictibacillus	UP000004080_1196324.fasta
Filifactor	UP000007468_546269.fasta
Fimbriimonas	UP000027982_661478.fasta
Finegoldia	UP000001319_334413.fasta
Fischerella	UP000004344_741277.fasta
Flagellimonas	UP000050827_1547436.fasta
Flammeovirga	UP000075267_1775430.fasta
Flavihumibacter	UP000031400_1463156.fasta
Flavisolibacter	UP000077177_1492898.fasta
Flavobacterium	UP000005566_1086011.fasta
Flavonifractor	UP000004459_411475.fasta
Flexilinea	UP000053370_1678840.fasta
Flexistipes	UP000006621_717231.fasta
Fluviicola	UP000007463_755732.fasta
Formosa	UP000016160_1347342.fasta
Francisella	UP000001174_177416.fasta
Frankia	UP000000657_326424.fasta
Frateuria	UP000005234_767434.fasta
Fretibacterium	UP000008957_651822.fasta
Frigoribacterium	UP000051005_1736282.fasta
Frischella	UP000030901_1267021.fasta
Frondihabitans	UP000051456_1736329.fasta
Fructobacillus	UP000036087_1658766.fasta
Fulvimarina	UP000004310_314231.fasta
Fulvivirga	UP000011135_1237149.fasta
Fusibacter	UP000095197_1048380.fasta
Fusobacterium	UP000002521_190304.fasta
Galbibacter	UP000007364_555500.fasta
Gallaecimonas	UP000006755_745411.fasta
Gallibacterium	UP000006908_1005058.fasta
Gallionella	UP000001235_395494.fasta
Gardnerella	UP000001453_525284.fasta
Geitlerinema	UP000010383_1173025.fasta
Gelidibacter	UP000092705_49280.fasta
Gemella	UP000006004_546270.fasta
Geminocystis	UP000060542_1615909.fasta
Gemmata	UP000076098_1630693.fasta
Gemmatimonas	UP000002209_379066.fasta
Gemmatirosa	UP000019151_861299.fasta
Geoalkalibacter	UP000035036_483547.fasta
Geobacillus	UP000001172_235909.fasta
Geobacter	UP000000577_243231.fasta
Geodermatophilus	UP000001382_526225.fasta
Geofilum	UP000032900_1236989.fasta
Geomicrobium	UP000027014_1460635.fasta
Georgenia	UP000027879_1497974.fasta
Geosporobacter	UP000095743_1424294.fasta
Gilliamella	UP000019656_1196095.fasta
Gillisia	UP000003844_865937.fasta
Gimesia	UP000003087_344747.fasta
Glaciecola	UP000009282_1085623.fasta
Globicatella	UP000176615_1739315.fasta
Gloeobacter	UP000000557_251221.fasta
Gloeocapsa	UP000010476_1173026.fasta
Gloeomargarita	UP000180235_1188229.fasta
Gluconacetobacter	UP000001176_272568.fasta
Gluconobacter	UP000000223_1224746.fasta
Glutamicibacter	UP000006878_861360.fasta
Gordonia	UP000001219_526226.fasta
Gordonibacter	UP000008805_657308.fasta
Gracilibacillus	UP000012283_1308866.fasta
Gracilibacter	UP000053404_1734398.fasta
Gramella	UP000000755_411154.fasta
Granulibacter	UP000001963_391165.fasta
Granulicatella	UP000002939_626369.fasta
Granulicella	UP000000343_1198114.fasta
Grimontia	UP000033732_1581149.fasta
Gynuella	UP000032266_1445510.fasta
Haematobacter	UP000028826_195105.fasta
Haematospirillum	UP000076066_1549855.fasta
Haemophilus	UP000000579_71421.fasta
Hafnia	UP000029986_1453496.fasta
Hahella	UP000000238_349521.fasta
Halanaerobium	UP000006866_572479.fasta
Haliangium	UP000001880_502025.fasta
Halioglobus	UP000077184_1822214.fasta
Haliscomenobacter	UP000008461_760192.fasta
Halobacillus	UP000007397_866895.fasta
Halobacteriovorax	UP000008963_862908.fasta
Halobacteroides	UP000010880_748449.fasta
Halocynthiibacter	UP000070371_1579316.fasta
Halodesulfovibrio	UP000091979_1560234.fasta
Halomonas	UP000005756_1072583.fasta
Haloplasma	UP000005707_1033810.fasta
Halorhodospira	UP000000647_349124.fasta
Halotalea	UP000077875_376489.fasta
Halothece	UP000010481_65093.fasta
Halothermothrix	UP000000719_373903.fasta
Halothiobacillus	UP000009102_555778.fasta
Hamiltonella	UP000002334_572265.fasta
Hassallia	UP000031549_1304833.fasta
Helcococcus	UP000004191_883114.fasta
Helicobacter	UP000000429_85962.fasta
Heliobacterium	UP000008550_498761.fasta
Herbaspirillum	UP000000329_757424.fasta
Herminiimonas	UP000006697_204773.fasta
Herpetosiphon	UP000000787_316274.fasta
Hespellia	UP000184301_1121950.fasta
Hippea	UP000008139_760142.fasta
Hirschia	UP000002745_582402.fasta
Histophilus	UP000008543_228400.fasta
Hodgkinia	UP000002741_573234.fasta
Hoeflea	UP000004291_411684.fasta
Holdemanella	UP000004315_518637.fasta
Holdemania	UP000005950_545696.fasta
Holospora	UP000019112_1399147.fasta
Hoyosella	UP000009235_443218.fasta
Humibacillus	UP000175826_1869167.fasta
Hungatella	UP000005384_742737.fasta
Hyalangium	UP000028725_394096.fasta
Hydrocarboniphaga	UP000003704_1172194.fasta
Hydrogenibacillus	UP000070261_1484.fasta
Hydrogenivirga	UP000005981_392423.fasta
Hydrogenobacter	UP000002574_608538.fasta
Hydrogenobaculum	UP000001872_380749.fasta
Hydrogenophaga	UP000005985_795665.fasta
Hydrogenovibrio	UP000027341_28885.fasta
Hylemonella	UP000016368_887062.fasta
Hymenobacter	UP000019423_1227739.fasta
Hyphomicrobium	UP000000494_717785.fasta
Hyphomonas	UP000001959_228405.fasta
Ideonella	UP000037660_1547922.fasta
Idiomarina	UP000001171_283942.fasta
Ignavibacterium	UP000007394_945713.fasta
Ilumatobacter	UP000011863_1313172.fasta
Ilyobacter	UP000006875_572544.fasta
Immundisolibacter	UP000092952_1810504.fasta
Imtechella	UP000005938_946077.fasta
Indibacter	UP000006073_1189612.fasta
Inquilinus	UP000029995_1398085.fasta
Intestinimonas	UP000064844_1297617.fasta
Intrasporangium	UP000008914_710696.fasta
Isoptericola	UP000009236_743718.fasta
Isosphaera	UP000008631_575540.fasta
Janibacter	UP000004474_1210046.fasta
Jannaschia	UP000008326_290400.fasta
Janthinobacterium	UP000011616_1198452.fasta
Jejuia	UP000030184_504487.fasta
Jeongeupia	UP000176825_1906741.fasta
Jeotgalibacillus	UP000031449_1508404.fasta
Jeotgalicoccus	UP000044136_1461582.fasta
Jiangella	UP000182977_419479.fasta
Johnsonella	UP000003011_679200.fasta
Jonesia	UP000000628_471856.fasta
Jonquetella	UP000003806_885272.fasta
Joostella	UP000004690_926559.fasta
Kaistia	UP000094930_1660103.fasta
Kandleria	UP000051841_1410657.fasta
Kangiella	UP000034071_914150.fasta
Kerstersia	UP000078084_206506.fasta
Ketogulonicigenium	UP000006871_880591.fasta
Kibdelosporangium	UP000063699_860235.fasta
Kiloniella	UP000034491_1549748.fasta
Kineococcus	UP000001116_266940.fasta
Kineosphaera	UP000008366_1184609.fasta
Kingella	UP000003009_629741.fasta
Kiritimatiella	UP000035268_1307763.fasta
Kitasatospora	UP000007076_452652.fasta
Klebsiella	UP000000265_272620.fasta
Kluyvera	UP000028600_1006000.fasta
Knoellia	UP000029990_1385518.fasta
Kocuria	UP000008838_378753.fasta
Komagataeibacter	UP000006468_714995.fasta
Kordia	UP000002945_391587.fasta
Koribacter	UP000002432_204669.fasta
Kosmotoga	UP000002382_521045.fasta
Kouleothrix	UP000050509_186479.fasta
Kozakia	UP000179145_153496.fasta
Kribbella	UP000007967_479435.fasta
Ktedonobacter	UP000004508_485913.fasta
Kurthia	UP000058129_1750719.fasta
Kutzneria	UP000019225_1449976.fasta
Kyrpidia	UP000002368_562970.fasta
Kytococcus	UP000006666_478801.fasta
Labilithrix	UP000064967_1391654.fasta
Labrenzia	UP000004703_244592.fasta
Lachnoanaerobaculum	UP000006599_936594.fasta
Lachnoclostridium	UP000000370_357809.fasta
Lacimicrobium	UP000068447_1526571.fasta
Lacinutrix	UP000008297_983544.fasta
Lactobacillus	UP000000432_220668.fasta
Lactococcus	UP000002196_272623.fasta
Lactonifactor	UP000184245_1122155.fasta
Lacunisphaera	UP000095228_1838286.fasta
Lampropedia	UP000050580_1610491.fasta
Laribacter	UP000002010_557598.fasta
Lautropia	UP000011021_887898.fasta
Lawsonella	UP000068137_1528099.fasta
Lawsonia	UP000002430_363253.fasta
Leadbetterella	UP000007435_649349.fasta
Lechevalieria	UP000033393_68170.fasta
Leeuwenhoekiella	UP000001601_398720.fasta
Legionella	UP000000609_272624.fasta
Leifsonia	UP000001306_281090.fasta
Leisingera	UP000018780_999552.fasta
Leminorella	UP000028624_1005999.fasta
Lentibacillus	UP000050331_1472767.fasta
Lentimicrobium	UP000053091_1678841.fasta
Lentisphaera	UP000004947_313628.fasta
Leptolinea	UP000050430_229920.fasta
Leptolyngbya	UP000010389_111781.fasta
Leptonema	UP000005737_929563.fasta
Leptospira	UP000001408_189518.fasta
Leptospirillum	UP000006177_1048260.fasta
Leptothrix	UP000001693_395495.fasta
Leptotrichia	UP000001910_523794.fasta
Leucobacter	UP000026917_1292023.fasta
Leuconostoc	UP000000362_203120.fasta
Levilinea	UP000050501_229921.fasta
Lewinella	UP000076582_1803372.fasta
Liberibacter	UP000010799_1215343.fasta
Limnobacter	UP000010322_391597.fasta
Limnochorda	UP000065807_1555112.fasta
Limnohabitans	UP000059510_1678128.fasta
Limnoraphis	UP000033607_1637645.fasta
Limnothrix	UP000093334_1880902.fasta
Listeria	UP000000817_169963.fasta
Litoreibacter	UP000015351_1123360.fasta
Loktanella	UP000004507_314232.fasta
Longilinea	UP000055060_360412.fasta
Luminiphilus	UP000004699_565045.fasta
Lunatimonas	UP000013909_1232681.fasta
Luteibacter	UP000033651_345309.fasta
Luteimonas	UP000035397_1547516.fasta
Luteipulveratus	UP000066480_571913.fasta
Lutibacter	UP000054346_1734397.fasta
Lutibaculum	UP000017819_631454.fasta
Lutispora	UP000184442_1122184.fasta
Lyngbya	UP000000737_313612.fasta
Lysinibacillus	UP000029097_1473546.fasta
Lysobacter	UP000023435_1444315.fasta
Macellibacteroides	UP000094877_1857568.fasta
Macrococcus	UP000001383_458233.fasta
Mageeibacillus	UP000008234_699246.fasta
Magnetococcus	UP000002586_156889.fasta
Magnetospira	UP000032733_1288970.fasta
Magnetospirillum	UP000007058_342108.fasta
Magnetovibrio	UP000095347_28181.fasta
Mahella	UP000008457_697281.fasta
Malonomonas	UP000184171_1122189.fasta
Mameliella	UP000030960_561184.fasta
Mangrovibacter	UP000027726_1224318.fasta
Mangrovimonas	UP000028521_1197477.fasta
Mannheimia	UP000000607_221988.fasta
Maribacter	UP000001602_313603.fasta
Maribius	UP000184040_313368.fasta
Maricaulis	UP000001964_394221.fasta
Marichromatium	UP000005275_765910.fasta
Marinilactibacillus	UP000184433_1911586.fasta
Mariniphaga	UP000184164_1484053.fasta
Mariniradius	UP000010953_1239962.fasta
Marinithermus	UP000007030_869210.fasta
Marinitoga	UP000007161_443254.fasta
Marinobacterium	UP000028252_1232683.fasta
Marinobacter	UP000000998_351348.fasta
Marinomonas	UP000001062_717774.fasta
Marinosulfonomonas	UP000054415_1527300.fasta
Marinovum	UP000036352_988812.fasta
Mariprofundus	UP000005297_314345.fasta
Maritimibacter	UP000002931_314271.fasta
Marivirga	UP000008720_643867.fasta
Marivita	UP000184221_996342.fasta
Marmoricola	UP000051542_1736379.fasta
Martelella	UP000032611_1486262.fasta
Marvinbryantia	UP000005561_478749.fasta
Massilia	UP000009874_883126.fasta
Mastigocladus	UP000032368_1594576.fasta
Mastigocoleus	UP000053372_371196.fasta
Megamonas	UP000008806_657316.fasta
Megasphaera	UP000003195_706434.fasta
Meiothermus	UP000001916_526227.fasta
Melioribacter	UP000009011_1191523.fasta
Melissococcus	UP000008456_940190.fasta
Mesonia	UP000184225_579105.fasta
Mesoplasma	UP000006647_265311.fasta
Mesorhizobium	UP000003250_1107882.fasta
Mesotoga	UP000002881_660470.fasta
Methylacidiphilum	UP000004837_1156937.fasta
Methylibium	UP000000366_420662.fasta
Methylobacillus	UP000002440_265072.fasta
Methylobacterium	UP000001185_426117.fasta
Methylobacter	UP000004664_697282.fasta
Methylobrevis	UP000094622_1439726.fasta
Methyloceanibacter	UP000031643_1384459.fasta
Methylocella	UP000002257_395965.fasta
Methylococcus	UP000006821_243233.fasta
Methylocystis	UP000005263_187303.fasta
Methyloglobulus	UP000017842_1116472.fasta
Methyloligella	UP000095087_1177755.fasta
Methylomicrobium	UP000005090_686340.fasta
Methylomonas	UP000008888_857087.fasta
Methylophaga	UP000003544_1026882.fasta
Methylophilus	UP000050891_1736373.fasta
Methylosinus	UP000078138_980563.fasta
Methylotenera	UP000000383_666681.fasta
Methylothermaceae	UP000074680_1798802.fasta
Methyloversatilis	UP000094168_1842540.fasta
Methylovorus	UP000002743_582744.fasta
Micavibrio	UP000009286_856793.fasta
Microbacterium	UP000004547_1160710.fasta
Microbispora	UP000018869_316330.fasta
Microbulbifer	UP000054457_1685377.fasta
Micrococcus	UP000000738_465515.fasta
Microcoleus	UP000010471_1173027.fasta
Microcystis	UP000001510_449447.fasta
Microgenomates	UP000033877_1618513.fasta
Microlunatus	UP000007947_1032480.fasta
Micromonospora	UP000001908_644283.fasta
Microscilla	UP000004095_313606.fasta
Microterricola	UP000058305_412690.fasta
Microvirga	UP000003947_864069.fasta
Midichloria	UP000006639_696127.fasta
Minicystis	UP000185464_888845.fasta
Mitsuaria	UP000078154_1658665.fasta
Mitsuokella	UP000003671_500635.fasta
Mobilicoccus	UP000004367_1089455.fasta
Mobiluncus	UP000003045_871571.fasta
Modestobacter	UP000006461_477641.fasta
Moellerella	UP000053226_1354267.fasta
Mogibacterium	UP000003142_936375.fasta
Moorea	UP000003959_489825.fasta
Moorella	UP000007053_264732.fasta
Moranella	UP000000504_903503.fasta
Moraxella	UP000000930_1236608.fasta
Morganella	UP000011834_1124991.fasta
Moritella	UP000032438_80854.fasta
Mucilaginibacter	UP000002774_714943.fasta
Mucinivorans	UP000027616_1433126.fasta
Mucispirillum	UP000017429_1379858.fasta
Mumia	UP000031002_1348852.fasta
Muribacter	UP000036270_67855.fasta
Muricauda	UP000008908_886377.fasta
Mycobacterium	UP000000580_262316.fasta
Mycoplasma	UP000000528_272635.fasta
Myroides	UP000005785_929704.fasta
Myxococcus	UP000002402_246197.fasta
Nakamurella	UP000002218_479431.fasta
Natranaerobius	UP000001683_457570.fasta
Nautilia	UP000000448_598659.fasta
Negativicoccus	UP000018840_1403945.fasta
Neisseria	UP000000425_122586.fasta
Neochlamydia	UP000031344_1478175.fasta
Neomicrococcus	UP000183530_556325.fasta
Neorickettsia	UP000001942_222891.fasta
Neosynechococcus	UP000030170_1497020.fasta
Neptuniibacter	UP000002171_207954.fasta
Nereida	UP000048949_282199.fasta
Nesterenkonia	UP000022206_652017.fasta
Niabella	UP000003586_929713.fasta
Niastella	UP000005438_700598.fasta
Nitratifractor	UP000008633_749222.fasta
Nitratireductor	UP000004622_1189611.fasta
Nitratiruptor	UP000001118_387092.fasta
Nitrincola	UP000019464_1229521.fasta
Nitritalea	UP000005551_1189621.fasta
Nitrobacter	UP000001953_323097.fasta
Nitrococcus	UP000003374_314278.fasta
Nitrolancea	UP000004221_1129897.fasta
Nitrosococcus	UP000001844_472759.fasta
Nitrosomonas	UP000000501_261292.fasta
Nitrosospira	UP000002718_323848.fasta
Nitrosovibrio	UP000183249_1855339.fasta
Nitrospina	UP000011704_1266370.fasta
Nitrospira	UP000069205_42253.fasta
Nitrospirillum	UP000018435_1003237.fasta
Nocardia	UP000006304_1133849.fasta
Nocardioides	UP000000640_196162.fasta
Nocardiopsis	UP000002219_446468.fasta
Nodularia	UP000019325_313624.fasta
Nonlabens	UP000011173_592029.fasta
Nostoc	UP000001191_63737.fasta
Noviherbaspirillum	UP000051303_1736487.fasta
Novosphingobium	UP000004030_1088721.fasta
Oblitimonas	UP000063953_1697053.fasta
Oceanibaculum	UP000006746_1207063.fasta
Oceanibulbus	UP000003257_391624.fasta
Oceanicaulis	UP000006011_314254.fasta
Oceanicola	UP000003635_314256.fasta
Oceanimonas	UP000007742_511062.fasta
Oceaniovalibus	UP000006765_1231392.fasta
Oceanithermus	UP000008722_670487.fasta
Oceanobacillus	UP000000822_221109.fasta
Oceanobacter	UP000077099_1822250.fasta
Ochrobactrum	UP000002301_439375.fasta
Octadecabacter	UP000005307_391626.fasta
Odoribacter	UP000006657_709991.fasta
Oenococcus	UP000000774_203123.fasta
Oerskovia	UP000051694_1736607.fasta
Oleiagrimonas	UP000029708_1543381.fasta
Oleiphilus	UP000077127_1822219.fasta
Oleispira	UP000032749_698738.fasta
Oligella	UP000029629_1401065.fasta
Oligotropha	UP000007730_504832.fasta
Olsenella	UP000000333_633147.fasta
Omnitrophica	UP000050824_1703776.fasta
Onion	UP000002523_262768.fasta
Opitutus	UP000007013_452637.fasta
Orenia	UP000093514_1413210.fasta
Oribacterium	UP000004121_585501.fasta
Orientia	UP000001565_357244.fasta
Ornatilinea	UP000050417_1134406.fasta
Ornithinibacillus	UP000183988_930117.fasta
Ornithobacterium	UP000006051_867902.fasta
Orrella	UP000078558_1851544.fasta
Oscillatoriales	UP000001332_864702.fasta
Oscillatoria	UP000004532_272129.fasta
Oscillibacter	UP000005219_693746.fasta
Oscillochloris	UP000054010_765420.fasta
Osedax	UP000014822_1330036.fasta
Ottowia	UP000056623_1658672.fasta
Owenweeksia	UP000005631_926562.fasta
Oxalobacter	UP000005089_556269.fasta
Oxobacter	UP000050326_36849.fasta
Pacificimonas	UP000011717_1234595.fasta
Paenarthrobacter	UP000000637_290340.fasta
Paenibacillus	UP000002510_324057.fasta
Paeniclostridium	UP000015748_1292036.fasta
Paeniglutamicibacter	UP000012015_1276920.fasta
Paenirhodobacter	UP000028824_1105367.fasta
Paenisporosarcina	UP000014412_1078085.fasta
Paludibacter	UP000008718_694427.fasta
Pandoraea	UP000018548_93220.fasta
Pannonibacter	UP000064921_121719.fasta
Pantoea	UP000001624_592316.fasta
Parabacteroides	UP000000566_435591.fasta
Paraburkholderia	UP000001192_391038.fasta
Parachlamydia	UP000000495_765952.fasta
Paracoccus	UP000000361_318586.fasta
Paraglaciecola	UP000006327_493475.fasta
Paramesorhizobium	UP000070107_1494590.fasta
Paraprevotella	UP000017958_1263095.fasta
Pararhizobium	UP000093111_1612624.fasta
Pararhodospirillum	UP000033220_1150469.fasta
Parascardovia	UP000004946_864564.fasta
Parasporobacterium	UP000184342_1122934.fasta
Parasutterella	UP000018034_1263099.fasta
Parcubacteria	UP000033816_1618836.fasta
Parvibaculum	UP000006377_402881.fasta
Parvimonas	UP000031386_33033.fasta
Parvularcula	UP000001302_314260.fasta
Pasteurella	UP000000809_272843.fasta
Patulibacter	UP000005143_1097667.fasta
Paucibacter	UP000056576_1768242.fasta
Pectobacterium	UP000007966_218491.fasta
Pediococcus	UP000000773_278197.fasta
Pedobacter	UP000000852_485917.fasta
Pedosphaera	UP000003688_320771.fasta
Pelagibaca	UP000006230_314265.fasta
Pelagibacterium	UP000008850_1082931.fasta
Pelagibacter	UP000002528_335992.fasta
Pelistega	UP000018766_1414851.fasta
Pelobacter	UP000002534_338963.fasta
Pelodictyon	UP000002724_324925.fasta
Pelomonas	UP000051648_1736464.fasta
Pelosinus	UP000004324_1149862.fasta
Pelotomaculum	UP000006556_370438.fasta
Peptoanaerobacter	UP000005244_796937.fasta
Peptoclostridium	UP000001978_272563.fasta
Peptoniphilus	UP000003280_862517.fasta
Peptostreptococcus	UP000003244_596315.fasta
Persephonella	UP000001366_123214.fasta
Petrimonas	UP000178485_1642646.fasta
Phaeobacter	UP000002914_391619.fasta
Phaeodactylibacter	UP000029736_1524460.fasta
Phaeospirillum	UP000004169_1150626.fasta
Phascolarctobacterium	UP000004923_626939.fasta
Phenylobacterium	UP000001868_450851.fasta
Phormidesmis	UP000050465_1666911.fasta
Phormidium	UP000050461_1666905.fasta
Photobacterium	UP000000593_298386.fasta
Photorhabdus	UP000002514_243265.fasta
Phycicoccus	UP000050906_1736414.fasta
Phycisphaera	UP000007881_1142394.fasta
Phyllobacterium	UP000007283_1144343.fasta
Phytoplasma	UP000002020_482235.fasta
Pirellula	UP000001887_530564.fasta
Piscirickettsia	UP000029541_1238.fasta
Planctomyces	UP000076318_1632864.fasta
Planctopirus	UP000002220_521674.fasta
Planktomarina	UP000028680_666509.fasta
Planktotalea	UP000184514_696762.fasta
Planktothrix	UP000027395_388467.fasta
Planococcus	UP000031496_1526927.fasta
Planomonospora	UP000077701_161355.fasta
Plantibacter	UP000051200_1736333.fasta
Plautia	UP000016901_891974.fasta
Pleomorphobacterium	UP000184066_1234555.fasta
Plesiocystis	UP000005801_391625.fasta
Plesiomonas	UP000014012_1315976.fasta
Pleurocapsa	UP000010382_118163.fasta
Pluralibacter	UP000036196_61647.fasta
Polaribacter	UP000003053_313594.fasta
Polaromonas	UP000000644_365044.fasta
Polyangium	UP000035352_413882.fasta
Polymorphum	UP000008130_991905.fasta
Polynucleobacter	UP000000231_312153.fasta
Pontibacillus	UP000030147_1385514.fasta
Pontibacter	UP000003746_1144253.fasta
Ponticoccus	UP000054396_1685382.fasta
Porphyrobacter	UP000030988_1572751.fasta
Porphyromonas	UP000000588_242619.fasta
Pragia	UP000068021_82985.fasta
Prauserella	UP000031395_1515610.fasta
Prevotella	UP000000927_264731.fasta
Prochlorococcus	UP000000788_93059.fasta
Prochlorothrix	UP000034681_317619.fasta
Propionibacterium	UP000000603_267747.fasta
Propionimicrobium	UP000014417_883161.fasta
Propionispora	UP000041641_1677858.fasta
Prosthecochloris	UP000002725_290512.fasta
Prosthecomicrobium	UP000048984_665126.fasta
Proteiniborus	UP000185208_1889883.fasta
Proteiniphilum	UP000053860_294710.fasta
Proteus	UP000006464_471881.fasta
Protochlamydia	UP000000529_264201.fasta
Providencia	UP000003321_521000.fasta
Pseudacidovorax	UP000072741_433924.fasta
Pseudanabaena	UP000010386_82654.fasta
Pseudoalteromonas	UP000001981_342610.fasta
Pseudobutyrivibrio	UP000184185_1123012.fasta
Pseudoflavonifractor	UP000003639_411467.fasta
Pseudoglutamicibacter	UP000053528_1401063.fasta
Pseudogulbenkiania	UP000001274_748280.fasta
Pseudohaliea	UP000029640_1265313.fasta
Pseudohongiella	UP000065641_1249552.fasta
Pseudolabrys	UP000051186_1736466.fasta
Pseudomonas	UP000000229_399739.fasta
Pseudonocardia	UP000007809_675635.fasta
Pseudooceanicola	UP000004318_252305.fasta
Pseudopedobacter	UP000000310_762903.fasta
Pseudopelagicola	UP000183982_1470563.fasta
Pseudopropionibacterium	UP000003118_767029.fasta
Pseudoramibacter	UP000004754_887929.fasta
Pseudorhizobium	UP000052187_1509405.fasta
Pseudorhodoferax	UP000051560_1736316.fasta
Pseudothermotoga	UP000002016_416591.fasta
Pseudovibrio	UP000005634_911045.fasta
Pseudoxanthomonas	UP000005870_1045855.fasta
Pseudozobellia	UP000184543_192903.fasta
Psychrobacillus	UP000051878_1712028.fasta
Psychrobacter	UP000000546_259536.fasta
Psychroflexus	UP000008514_313595.fasta
Psychromonas	UP000000639_357804.fasta
Puniceibacterium	UP000036046_1618204.fasta
Puniceispirillum	UP000007460_488538.fasta
Pusillimonas	UP000008737_1007105.fasta
Pyramidobacter	UP000006462_352165.fasta
Pyrinomonas	UP000031518_454194.fasta
Rahnella	UP000009010_745277.fasta
Ralstonia	UP000001436_267608.fasta
Ramlibacter	UP000008385_365046.fasta
Raoultella	UP000032530_575.fasta
Raphidiopsis	UP000052137_533247.fasta
Rathayibacter	UP000050868_1736327.fasta
Reichenbachiella	UP000184474_156994.fasta
Reinekea	UP000005953_314283.fasta
Renibacterium	UP000002007_288705.fasta
Rheinheimera	UP000004282_506534.fasta
Rhizobacter	UP000051195_1736511.fasta
Rhizobium	UP000000552_266835.fasta
Rhodanobacter	UP000003226_1163407.fasta
Rhodobacter	UP000002361_272942.fasta
Rhodococcus	UP000002204_234621.fasta
Rhodoferax	UP000008332_338969.fasta
Rhodoluna	UP000067708_529884.fasta
Rhodomicrobium	UP000001399_648757.fasta
Rhodonellum	UP000016843_1123057.fasta
Rhodopirellula	UP000001025_243090.fasta
Rhodoplanes	UP000070354_674703.fasta
Rhodopseudomonas	UP000001426_258594.fasta
Rhodospirillum	UP000001591_414684.fasta
Rhodothermus	UP000002221_518766.fasta
Rhodovulum	UP000002930_1187851.fasta
Richelia	UP000019767_1164990.fasta
Rickettsia	UP000002480_272947.fasta
Rickettsiella	UP000054075_59196.fasta
Riemerella	UP000006276_1228997.fasta
Riesia	UP000001700_515618.fasta
Rivularia	UP000010380_373994.fasta
Robiginitalea	UP000009049_313596.fasta
Robinsoniella	UP000036477_1504536.fasta
Roseateles	UP000060699_76731.fasta
Roseburia	UP000008178_585394.fasta
Roseibacterium	UP000019593_1294273.fasta
Roseibium	UP000005735_744980.fasta
Roseiflexus	UP000006554_357808.fasta
Roseivirga	UP000075583_279360.fasta
Roseivivax	UP000019063_1317118.fasta
Roseobacter	UP000002944_391589.fasta
Roseofilum	UP000183940_1925591.fasta
Roseomonas	UP000005324_525371.fasta
Roseovarius	UP000005954_89187.fasta
Rothia	UP000000387_762948.fasta
Rubellimicrobium	UP000015346_1123069.fasta
Rubidibacter	UP000016960_582515.fasta
Rubinisphaera	UP000006860_756272.fasta
Rubritalea	UP000184510_1123071.fasta
Rubrivivax	UP000007883_983917.fasta
Rubrobacter	UP000006637_266117.fasta
Ruegeria	UP000000636_292414.fasta
Rufibacter	UP000036458_1379910.fasta
Rugosibacter	UP000061603_1565605.fasta
Ruminiclostridium	UP000092525_1834198.fasta
Ruminococcus	UP000003254_471875.fasta
Rummeliibacillus	UP000076021_241244.fasta
Runella	UP000000493_761193.fasta
Ruthia	UP000002587_413404.fasta
Saccharibacillus	UP000053380_915437.fasta
Saccharibacter	UP000027590_1343158.fasta
Saccharicrinis	UP000019402_869213.fasta
Saccharomonospora	UP000000841_471857.fasta
Saccharophagus	UP000001947_203122.fasta
Saccharopolyspora	UP000006728_405948.fasta
Saccharothrix	UP000006281_1179773.fasta
Sagittula	UP000005713_388399.fasta
Salegentibacter	UP000051643_270918.fasta
Salimicrobium	UP000011746_1230341.fasta
Salinibacter	UP000008674_309807.fasta
Salinicoccus	UP000034029_407035.fasta
Salinisphaera	UP000006242_1033802.fasta
Salinispira	UP000018680_1307761.fasta
Salinispora	UP000000235_369723.fasta
Salinivibrio	UP000033449_1406902.fasta
Salinivirga	UP000064893_1307839.fasta
Salipiger	UP000015347_1123237.fasta
Salmonella	UP000001014_99287.fasta
Sandaracinus	UP000034883_927083.fasta
Sanguibacteroides	UP000031980_1547597.fasta
Sanguibacter	UP000000322_446469.fasta
Saprospira	UP000007519_984262.fasta
Scardovia	UP000005777_641146.fasta
Schleiferia	UP000028720_1453500.fasta
Schwartzia	UP000184404_1123243.fasta
Scytonema	UP000031532_1245923.fasta
Sebaldella	UP000000845_526218.fasta
Sedimenticola	UP000034410_1543721.fasta
Sediminicola	UP000063759_1453352.fasta
Sediminispirochaeta	UP000002318_573413.fasta
Segniliparus	UP000002247_640132.fasta
Seinonella	UP000184476_112248.fasta
Selenomonas	UP000003701_585503.fasta
Serinicoccus	UP000092482_1758689.fasta
Serratia	UP000005723_667129.fasta
Shewanella	UP000000684_318167.fasta
Shigella	UP000002716_300267.fasta
Shimia	UP000037951_1389006.fasta
Shimwellia	UP000001955_630626.fasta
Shuttleworthia	UP000003494_626523.fasta
Siansivirga	UP000032229_1454006.fasta
Sideroxydans	UP000001625_580332.fasta
Simiduia	UP000000466_1117647.fasta
Simkania	UP000000496_331113.fasta
Simonsiella	UP000017813_641147.fasta
Singulisphaera	UP000010798_886293.fasta
Sinomonas	UP000030982_1338436.fasta
Sinorhizobium	UP000001054_394.fasta
Skermanella	UP000019486_1385369.fasta
Slackia	UP000002026_471855.fasta
Smithella	UP000029283_1499107.fasta
Sneathia	UP000033103_187101.fasta
Snodgrassella	UP000019668_1196094.fasta
Sodalis	UP000001932_343509.fasta
Solemya	UP000030856_2340.fasta
Solibacillus	UP000006691_1002809.fasta
Solibacter	UP000000671_234267.fasta
Solirubrum	UP000054223_1751427.fasta
Solitalea	UP000007590_929556.fasta
Solobacterium	UP000004097_706433.fasta
Sorangium	UP000002139_448385.fasta
Sphaerobacter	UP000002027_479434.fasta
Sphaerochaeta	UP000005632_158190.fasta
Sphaerotilus	UP000026714_1286631.fasta
Sphingobacterium	UP000006258_525373.fasta
Sphingobium	UP000001275_627192.fasta
Sphingomonas	UP000001989_392499.fasta
Sphingopyxis	UP000006578_317655.fasta
Sphingorhabdus	UP000073959_1806885.fasta
Spiribacter	UP000017881_1260251.fasta
Spirochaeta	UP000007254_869211.fasta
Spiroplasma	UP000004057_570509.fasta
Spirosoma	UP000002028_504472.fasta
Spongiibacterium	UP000184532_570519.fasta
Spongiibacter	UP000035013_1620392.fasta
Sporanaerobacter	UP000179042_1891289.fasta
Sporobacter	UP000183995_1123282.fasta
Sporocytophaga	UP000030185_153721.fasta
Sporolactobacillus	UP000018296_1395513.fasta
Sporomusa	UP000049855_411922.fasta
Sporosarcina	UP000005316_1027292.fasta
Stackebrandtia	UP000000844_446470.fasta
Stanieria	UP000010473_111780.fasta
Staphylococcus	UP000000444_396513.fasta
Starkeya	UP000006633_639283.fasta
Stenotrophomonas	UP000050940_659018.fasta
Steroidobacter	UP000070250_465721.fasta
Stigmatella	UP000001351_378806.fasta
Stomatobaculum	UP000018466_796942.fasta
Streptoalloteichus	UP000184501_2017.fasta
Streptobacillus	UP000002072_519441.fasta
Streptococcus	UP000000243_391295.fasta
Streptomonospora	UP000031675_183763.fasta
Streptomyces	UP000000377_749414.fasta
Streptosporangium	UP000002029_479432.fasta
Subdoligranulum	UP000003438_411471.fasta
Succinatimonas	UP000018241_1262974.fasta
Sulcia	UP000000781_444179.fasta
Sulfitobacter	UP000027337_83219.fasta
Sulfobacillus	UP000000291_1051632.fasta
Sulfuricella	UP000015559_1163617.fasta
Sulfuricurvum	UP000029313_1537917.fasta
Sulfurihydrogenibium	UP000001201_436114.fasta
Sulfurimonas	UP000002714_326298.fasta
Sulfuritalea	UP000031637_1223802.fasta
Sulfurospirillum	UP000002222_525898.fasta
Sulfurovum	UP000003180_1165841.fasta
Sutterella	UP000004956_762967.fasta
Symbiobacterium	UP000000417_292459.fasta
Synechococcus	UP000001115_316278.fasta
Synechocystis	UP000001425_1111708.fasta
Synergistes	UP000003380_457415.fasta
Syntrophaceticus	UP000046155_499207.fasta
Syntrophobacter	UP000001784_335543.fasta
Syntrophobotulus	UP000007488_645991.fasta
Syntrophomonas	UP000001968_335541.fasta
Syntrophothermus	UP000000378_643648.fasta
Syntrophus	UP000001933_56780.fasta
Tamlana	UP000032361_1382798.fasta
Tangfeifania	UP000184050_1168035.fasta
Tannerella	UP000005436_203275.fasta
Tanticharoenia	UP000032679_1231623.fasta
Tardiphaga	UP000076574_943830.fasta
Tateyamaria	UP000031171_1577905.fasta
Tatlockia	UP000032414_451.fasta
Tatumella	UP000028602_1005995.fasta
Taylorella	UP000007472_937774.fasta
Tenacibaculum	UP000061908_669041.fasta
Tepidanaerobacter	UP000010802_1209989.fasta
Tepidibacillus	UP000070352_1413211.fasta
Tepidicaulis	UP000028702_1333998.fasta
Tepidimonas	UP000091969_1101373.fasta
Tepidiphilus	UP000182108_876478.fasta
Terasakiispira	UP000094291_197479.fasta
Teredinibacter	UP000009080_377629.fasta
Terrabacter	UP000033603_1619947.fasta
Terribacillus	UP000027980_586416.fasta
Terriglobus	UP000006056_926566.fasta
Terrimicrobium	UP000076023_690879.fasta
Terrisporobacter	UP000031189_1577792.fasta
Tessaracoccus	UP000093501_1427523.fasta
Tetragenococcus	UP000002663_945021.fasta
Tetrasphaera	UP000013167_1193181.fasta
Thalassobacter	UP000029829_1225651.fasta
Thalassobium	UP000004701_633131.fasta
Thalassobius	UP000051184_1715690.fasta
Thalassolituus	UP000011866_1298593.fasta
Thalassomonas	UP000032568_485447.fasta
Thalassospira	UP000007127_1123366.fasta
Thalassotalea	UP000029848_1535422.fasta
Thauera	UP000002186_85643.fasta
Thermacetogenium	UP000000467_1089553.fasta
Thermaerobacter	UP000008915_644966.fasta
Thermanaerothrix	UP000050544_869279.fasta
Thermanaerovibrio	UP000002030_525903.fasta
Thermincola	UP000002377_635013.fasta
Thermoactinomyces	UP000029276_1535750.fasta
Thermoanaerobacterium	UP000006178_1094508.fasta
Thermoanaerobacter	UP000002156_340099.fasta
Thermoanaerobaculum	UP000027284_1312852.fasta
Thermobacillus	UP000010795_717605.fasta
Thermobaculum	UP000000323_525904.fasta
Thermobifida	UP000000434_269800.fasta
Thermobispora	UP000006640_469371.fasta
Thermobrachium	UP000014923_941824.fasta
Thermocrinis	UP000002043_638303.fasta
Thermodesulfatator	UP000006793_667014.fasta
Thermodesulfobacterium	UP000006583_795359.fasta
Thermodesulfobium	UP000011765_747365.fasta
Thermodesulfovibrio	UP000000718_289376.fasta
Thermomicrobium	UP000000447_309801.fasta
Thermomonospora	UP000001918_471852.fasta
Thermosediminibacter	UP000000272_555079.fasta
Thermosinus	UP000005139_401526.fasta
Thermosipho	UP000001110_391009.fasta
Thermosulfidibacter	UP000063234_1298851.fasta
Thermosulfurimonas	UP000078390_999894.fasta
Thermosynechococcus	UP000000440_197221.fasta
Thermotalea	UP000070456_520762.fasta
Thermotoga	UP000008183_243274.fasta
Thermovenabulum	UP000075737_520767.fasta
Thermovibrio	UP000006362_648996.fasta
Thermovirga	UP000005868_580340.fasta
Thermus	UP000000532_300852.fasta
Thioalkalimicrobium	UP000005380_717772.fasta
Thioalkalivibrio	UP000002383_396588.fasta
Thiobacillus	UP000008291_292415.fasta
Thiocapsa	UP000005459_768671.fasta
Thioclava	UP000027471_1353528.fasta
Thiocystis	UP000006062_765911.fasta
Thioflavicoccus	UP000010816_765912.fasta
Thiohalorhabdus	UP000053476_381306.fasta
Thiolapillus	UP000031631_1076588.fasta
Thiomicrospira	UP000002713_317025.fasta
Thiomonas	UP000002185_75379.fasta
Thioploca	UP000031623_40754.fasta
Thiorhodococcus	UP000004200_765913.fasta
Thiorhodospira	UP000003058_765914.fasta
Thiorhodovibrio	UP000002964_631362.fasta
Thiothrix	UP000005317_870187.fasta
Thiovulum	UP000005330_1177931.fasta
Tissierella	UP000184114_1123404.fasta
Tistrella	UP000005258_1110502.fasta
Tolumonas	UP000009073_595494.fasta
Tolypothrix	UP000029738_1479485.fasta
Treponema	UP000000503_744872.fasta
Trichococcus	UP000076878_640938.fasta
Trichodesmium	UP000008878_203124.fasta
Tropheryma	UP000002200_203267.fasta
Tropicibacter	UP000052022_928856.fasta
Truepera	UP000000379_649638.fasta
Trueperella	UP000054404_59561.fasta
Tsukamurella	UP000001213_521096.fasta
Tumebacillus	UP000027931_1157490.fasta
Turicella	UP000006078_883169.fasta
Turicibacter	UP000002938_702450.fasta
Turneriella	UP000006048_869212.fasta
Ulvibacter	UP000077013_1763537.fasta
Ureaplasma	UP000000423_273119.fasta
Vagococcus	UP000018126_1408226.fasta
Varibaculum	UP000018843_1403948.fasta
Variovorax	UP000035170_34073.fasta
Veillonella	UP000007968_479436.fasta
Ventosimonas	UP000072660_1680762.fasta
Verminephrobacter	UP000000374_391735.fasta
Verrucomicrobia	UP000051220_1655635.fasta
Verrucosispora	UP000008308_263358.fasta
Vibrio	UP000000537_312309.fasta
Virgibacillus	UP000027985_403957.fasta
Viridibacillus	UP000019062_1227360.fasta
Vogesella	UP000054352_1526735.fasta
Vulgatibacter	UP000055590_1391653.fasta
Waddlia	UP000001505_716544.fasta
Weeksella	UP000008641_865938.fasta
Weissella	UP000004528_585506.fasta
Wenxinia	UP000035100_1123501.fasta
Wenyingzhuangia	UP000092967_1790137.fasta
Wenzhouxiangella	UP000066624_1579979.fasta
Wigglesworthia	UP000000562_36870.fasta
Williamsia	UP000018666_1313067.fasta
Winogradskyella	UP000014962_641526.fasta
Woeseia	UP000092695_1548547.fasta
Wohlfahrtiimonas	UP000011617_1261130.fasta
Wolbachia	UP000000534_292805.fasta
Wolinella	UP000000422_273121.fasta
Xanthobacter	UP000002417_78245.fasta
Xanthomarina	UP000012024_1137281.fasta
Xanthomonas	UP000001010_190485.fasta
Xenococcus	UP000011203_102125.fasta
Xenorhabdus	UP000002045_406818.fasta
Xylanimonas	UP000002255_446471.fasta
Xylella	UP000000812_160492.fasta
Xylophilus	UP000051325_1735686.fasta
Yangia	UP000092483_1792508.fasta
Yersinia	UP000000815_632.fasta
Yokenella	UP000003044_1002368.fasta
Yonghaparkia	UP000051768_1736516.fasta
Youngiibacter	UP000017747_994573.fasta
Zhouia	UP000018850_1286632.fasta
Zinderia	UP000001303_871271.fasta
Zobellia	UP000008898_63186.fasta
Zunongwangia	UP000001654_655815.fasta
Zymomonas	UP000001173_264203.fasta
